{
  "ACORI": [
    31.773156,
    -85.858197
  ],
  "ALEAN": [
    36.731853,
    -81.623939
  ],
  "AMORY": [
    29.221394,
    -82.928583
  ],
  "ANGST": [
    32.196931,
    -98.463722
  ],
  "ARNNY": [
    32.344611,
    -86.991269
  ],
  "ATL": [
    33.629072,
    -84.435072
  ],
  "AZZOG": [
    32.785844,
    -85.250197
  ],
  "BACHR": [
    32.810886,
    -96.678878
  ],
  "BAMBB": [
    42.090972,
    -88.275372
  ],
  "BEETS": [
    39.955714,
    -77.449875
  ],
  "BEORN": [
    31.918356,
    -84.831961
  ],
  "BEPAC": [
    26.150164,
    -80.153256
  ],
  "BERYS": [
    42.909436,
    -83.299931
  ],
  "BEUTY": [
    40.569197,
    -75.011478
  ],
  "BGTEX": [
    32.568494,
    -96.776844
  ],
  "BGTOE": [
    32.186,
    -99.843297
  ],
  "BIGGY": [
    40.419617,
    -74.972703
  ],
  "BILEY": [
    40.799589,
    -75.746458
  ],
  "BIZEX": [
    41.284128,
    -73.580611
  ],
  "BOOTT": [
    42.710611,
    -83.018731
  ],
  "BREES": [
    32.381639,
    -97.238953
  ],
  "BULZI": [
    30.373592,
    -84.076242
  ],
  "BUUOY": [
    26.030247,
    -85.274047
  ],
  "CABLO": [
    30.774722,
    -84.84
  ],
  "CAKET": [
    32.519064,
    -80.269225
  ],
  "CEZ": [
    37.389847,
    -108.561753
  ],
  "CIGAR": [
    27.493503,
    -84.783197
  ],
  "CNX": [
    34.367015,
    -105.678005
  ],
  "COATE": [
    41.136228,
    -74.695167
  ],
  "COPES": [
    40.130714,
    -75.376769
  ],
  "CULLY": [
    26.382722,
    -85.237494
  ],
  "CZI": [
    43.999715,
    -106.435722
  ],
  "DAL": [
    36.689553,
    28.781928
  ],
  "DAWWN": [
    31.480544,
    -84.612969
  ],
  "DEBRL": [
    29.296869,
    -81.134133
  ],
  "DEFUN": [
    30.814242,
    -86.131414
  ],
  "DGRAF": [
    41.686256,
    -76.222542
  ],
  "DHP": [
    25.799961,
    -80.349036
  ],
  "DICEE": [
    37.219328,
    -111.223939
  ],
  "DINES": [
    43.311928,
    -77.124508
  ],
  "DITCA": [
    42.747347,
    -85.716706
  ],
  "DIXSN": [
    42.812314,
    -83.908061
  ],
  "DOFFY": [
    29.256314,
    -82.52725
  ],
  "DRAIK": [
    37.133931,
    -78.982933
  ],
  "DREMS": [
    40.427886,
    -74.540753
  ],
  "DRO": [
    37.153253,
    -107.749618
  ],
  "EBAYY": [
    27.727833,
    -80.500997
  ],
  "EKR": [
    40.067473,
    -107.92488
  ],
  "ELLDE": [
    34.404047,
    -78.697389
  ],
  "ELMSZ": [
    33.676836,
    -79.299878
  ],
  "ENEME": [
    30.703358,
    -82.435919
  ],
  "ENSLL": [
    33.319192,
    -84.838044
  ],
  "ERNNY": [
    42.338719,
    -87.534183
  ],
  "FEEDS": [
    37.274769,
    -80.509244
  ],
  "FETAL": [
    30.184358,
    -82.506878
  ],
  "FISHO": [
    33.279514,
    -81.412089
  ],
  "FIYER": [
    42.397769,
    -87.321169
  ],
  "FLL": [
    26.074739,
    -80.152472
  ],
  "FRASK": [
    41.176364,
    -108.748261
  ],
  "GELDE": [
    45.108281,
    -89.800764
  ],
  "GETCH": [
    43.168653,
    -86.05085
  ],
  "GIMLY": [
    32.503756,
    -85.113236
  ],
  "GOATR": [
    43.290578,
    -76.652153
  ],
  "GOOFS": [
    39.250633,
    -83.608147
  ],
  "GSO": [
    36.045692,
    -79.976375
  ],
  "GVE": [
    38.0136,
    -78.153025
  ],
  "HARLM": [
    40.490744,
    -74.749092
  ],
  "HERBA": [
    42.243136,
    -78.2744
  ],
  "HEVVN": [
    29.821975,
    -83.895247
  ],
  "HOBTT": [
    33.179289,
    -85.020361
  ],
  "HONDS": [
    33.566556,
    -104.853386
  ],
  "HONID": [
    31.647308,
    -84.395167
  ],
  "ILBEE": [
    34.311572,
    -81.018856
  ],
  "JERES": [
    39.642889,
    -77.455056
  ],
  "JERSY": [
    40.791386,
    -74.399444
  ],
  "JEVED": [
    31.250722,
    -81.06115
  ],
  "JOKKY": [
    30.192075,
    -83.644961
  ],
  "KEAVY": [
    33.733183,
    -84.038875
  ],
  "KENLL": [
    29.574542,
    -81.123683
  ],
  "KLOWD": [
    33.732953,
    -84.434603
  ],
  "KNEAD": [
    32.279347,
    -97.486003
  ],
  "KNOST": [
    28.000708,
    -83.423331
  ],
  "KURKK": [
    42.091836,
    -88.0272
  ],
  "KYMMY": [
    33.733081,
    -84.138797
  ],
  "LAAYK": [
    41.475733,
    -75.482586
  ],
  "LEESE": [
    28.860106,
    -81.778244
  ],
  "LEGGT": [
    29.222933,
    -83.510722
  ],
  "LEJOY": [
    40.003394,
    -79.414892
  ],
  "LGA": [
    40.783717,
    -73.8686
  ],
  "LTOUR": [
    42.849358,
    -84.918306
  ],
  "LYSTR": [
    43.151614,
    -87.028058
  ],
  "MARRC": [
    40.918886,
    -76.231728
  ],
  "MAULL": [
    40.921647,
    -79.329164
  ],
  "MAULS": [
    37.880378,
    -79.330331
  ],
  "MCRAY": [
    39.538247,
    -77.860575
  ],
  "MICAH": [
    40.159197,
    -77.4464
  ],
  "MIP": [
    41.023406,
    -76.665303
  ],
  "MTCAF": [
    41.769817,
    -76.522383
  ],
  "MXE": [
    39.918053,
    -75.670797
  ],
  "NICKI": [
    29.255608,
    -83.342167
  ],
  "NIWRA": [
    46.996022,
    -94.497458
  ],
  "OGESY": [
    40.737125,
    -77.436564
  ],
  "ORD": [
    41.982474,
    -87.907065
  ],
  "ORL": [
    28.5427,
    -81.335036
  ],
  "ORRKK": [
    32.539597,
    -87.956931
  ],
  "PAITN": [
    42.561031,
    -86.722606
  ],
  "PAPPI": [
    42.269972,
    -87.607203
  ],
  "PRMUS": [
    29.818242,
    -81.122428
  ],
  "PROUD": [
    40.629792,
    -73.999756
  ],
  "PUNKY": [
    32.250925,
    -97.838889
  ],
  "QUYNN": [
    32.681669,
    -96.602544
  ],
  "RAAKK": [
    42.399722,
    -78.910833
  ],
  "RAIIN": [
    33.732947,
    -84.581581
  ],
  "RAP": [
    43.976031,
    -103.012336
  ],
  "REBBL": [
    41.882675,
    -76.932794
  ],
  "REDDN": [
    32.736622,
    -96.599261
  ],
  "REXXY": [
    42.011064,
    -77.409714
  ],
  "RHIVR": [
    42.645956,
    -86.270597
  ],
  "RRONS": [
    42.683697,
    -82.749494
  ],
  "RUBYY": [
    43.017719,
    -84.587839
  ],
  "RVLEY": [
    32.520986,
    -96.891444
  ],
  "SACRI": [
    39.602039,
    -76.173528
  ],
  "SBJ": [
    40.583044,
    -74.741794
  ],
  "SGF": [
    37.355947,
    -93.334039
  ],
  "SHLLY": [
    32.171381,
    -98.749517
  ],
  "SHRIL": [
    32.911725,
    -81.569383
  ],
  "SLOJO": [
    34.646197,
    -80.657119
  ],
  "SMAWG": [
    33.023758,
    -85.221956
  ],
  "SNAKR": [
    25.341389,
    -85.344908
  ],
  "SRQ": [
    27.407033,
    -82.56365
  ],
  "STOEN": [
    39.838206,
    -75.798589
  ],
  "STRDR": [
    32.220589,
    -84.976753
  ],
  "SUDDS": [
    43.14365,
    -87.364992
  ],
  "SWEPT": [
    33.732939,
    -84.305314
  ],
  "TEEEM": [
    32.144778,
    -81.914047
  ],
  "TESSY": [
    39.4962,
    -108.829822
  ],
  "TEUFL": [
    31.866794,
    -82.017933
  ],
  "THRSR": [
    32.961242,
    -84.421383
  ],
  "TPA": [
    27.974048,
    -82.532457
  ],
  "TTAIL": [
    46.691111,
    -96.685833
  ],
  "TUBEZ": [
    42.180919,
    -87.700803
  ],
  "TUFIT": [
    32.452183,
    -97.065628
  ],
  "TUXXI": [
    27.317975,
    -80.136439
  ],
  "TWIGS": [
    42.809472,
    -82.552861
  ],
  "VIBES": [
    40.763225,
    -75.600519
  ],
  "VULCN": [
    42.091761,
    -87.794172
  ],
  "VURLY": [
    46.922772,
    -91.983464
  ],
  "VXV": [
    35.904839,
    -83.894725
  ],
  "WAYLA": [
    42.349594,
    -77.815883
  ],
  "WLTER": [
    42.686497,
    -86.051094
  ],
  "WOLAP": [
    30.570567,
    -88.025361
  ],
  "WOPNR": [
    30.626675,
    -81.074011
  ],
  "WYNDE": [
    42.455758,
    -87.110175
  ],
  "YICUT": [
    36.842739,
    -81.399283
  ],
  "YURCK": [
    34.187444,
    -78.87795
  ],
  "YYOST": [
    41.582717,
    -75.855847
  ],
  "BGS": [
    30.4116,
    -103.6136
  ],
  "CME": [
    18.6537,
    -91.799
  ],
  "FJC": [
    43.3439,
    -110.7385
  ],
  "MIA": [
    25.7959,
    -80.287
  ],
  "OPF": [
    25.9075,
    -80.2783
  ],
  "PIE": [
    27.9102,
    -82.6874
  ],
  "RBV": [
    40.7378,
    -74.7645
  ],
  "VIO": [
    43.6,
    -106.8333
  ],
  "AAHOY": [
    28.5706,
    -83.0979
  ],
  "APPLE": [
    40.5561,
    -74.0623
  ],
  "BAAMF": [
    30.6703,
    -82.3174
  ],
  "BARBN": [
    26.0704,
    -81.3969
  ],
  "BNFSH": [
    26.2544,
    -80.0217
  ],